{
    "textures": {
        "particle": "#alt"
    },
    "elements": [
        {   "from": [ 0, 0, 0 ],
            "to": [ 16, 16, 16 ],
            "faces": {
                "down":  { "uv": [ 0, 0, 16, 16 ], "texture": "#alt", "cullface": "down" },
                "up":    { "uv": [ 0, 0, 16, 16 ], "texture": "#alt", "cullface": "up" },
                "north": { "uv": [ 0, 0, 16, 16 ], "texture": "#end", "cullface": "north" },
                "south": { "uv": [ 0, 0, 16, 16 ], "texture": "#end", "cullface": "south" },
                "west":  { "uv": [ 0, 0, 16, 16 ], "texture": "#alt", "cullface": "west", "rotation": 270 },
                "east":  { "uv": [ 0, 0, 16, 16 ], "texture": "#alt", "cullface": "east", "rotation": 90 }
            }
        }
    ]
}
