{
    "__createdwith": "opl's Model Creator",
    "ambientocclusion": false,
    "textures": {
        "particle": "blocks/door_jungle_upper",
        "side": "blocks/door_jungle_side",
        "all": "blocks/door_jungle_upper"
    },
    "elements": [
        {
            "from": [0,0,0],
            "to": [3,15,16],
            "faces": {
                "up": {
                    "uv": [8,16,11,0],
                    "texture": "#side"
                },
                "west": {
                    "texture": "#all",
                },
                "east": {
                    "uv": [16,1,0,16],
                    "texture": "#all"
                },
                "north": {
                    "uv": [3,0,0,15],
                    "texture": "#side"
                },
                "south": {
                    "texture": "#side"
                }
            }
        },
        {
            "from": [0,14,11],
            "to": [3,16,16],
            "faces": {
                "up": {
                    "uv": [0,5,3,0],
                    "texture": "#side"
                },
                "west": {
                    "texture": "#all",
                 },
                "east": {
                    "uv": [16,0,11,2],
                    "texture": "#all"
                },
                "north": {
                    "uv": [3,0,0,2],
                    "texture": "#side"
                },
                "south": {
                    "texture": "#side"
                }
            }
        },
        {
            "from": [0,14,3],
            "to": [3,16,8],
            "faces": {
                "up": {
                    "uv": [0,9,3,4],
                    "texture": "#side"
                },
                "west": {
                    "texture": "#all",
                },
                "east": {
                    "uv": [8,0,3,2],
                    "texture": "#all"
                },
                "north": {
                    "uv": [3,0,0,2],
                    "texture": "#side"
                },
                "south": {
                    "texture": "#side"
                }
            }
        }
    ]
}