{
    "__createdwith": "opl's Model Creator",
    "ambientocclusion": false,
    "textures": {
        "particle": "blocks/door_acacia_lower",
        "side": "blocks/door_acacia_side",
        "all": "blocks/door_acacia_lower"
    },
    "elements": [
        {
            "from": [0,0,0],
            "to": [3,16,2],
            "faces": {
                "down": {
                    "uv": [8,14,11,16],
                    "texture": "#side"
                },
                "west": {
                    "texture": "#all",
                    "cullface": west
                },
                "east": {
                    "uv": [2,0,0,16],
                    "texture": "#all"
                },
                "north": {
                    "uv": [11,0,8,16],
                    "texture": "#side",
                    "cullface": north
                },
                "south": {
                    "uv": [8,0,11,16],
                    "texture": "#side"
                }
            }
        },
        {
            "from": [0,0,14],
            "to": [3,16,16],
            "faces": {
                "down": {
                    "uv": [0,0,3,2],
                    "texture": "#side"
                },
                "west": {
                    "texture": "#all",
                    "cullface": west
                },
                "east": {
                    "uv": [16,0,14,16],
                    "texture": "#all"
                },
                "north": {
                    "uv": [11,0,8,16],
                    "texture": "#side"
                },
                "south": {
                    "uv": [8,0,11,16],
                    "texture": "#side"
                }
            }
        },
        {
            "from": [0,0,2],
            "to": [3,2,14],
            "faces": {
                "up": {
                    "uv": [8,2,11,14],
                    "texture": "#side"
                },
                "down": {
                    "uv": [8,14,11,2],
                    "texture": "#side",
                    "cullface": down
                },
                "west": {
                    "texture": "#all",
                    "cullface": west
                },
                "east": {
                    "uv": [14,14,2,16],
                    "texture": "#all"
                }
            }
        },
        {
            "from": [1,2,2],
            "to": [2,3,3],
            "faces": {
                "up": {
                    "uv": [2,13,3,14],
                    "texture": "#all"
                },
                "west": {
                    "texture": "#all"
                },
                "east": {
                    "uv": [13,13,14,14],
                    "texture": "#all"
                },
                "south": {
                    "uv": [2,13,3,14],
                    "texture": "#all"
                }
            }
        },
        {
            "from": [1,2,13],
            "to": [2,3,14],
            "faces": {
                "up": {
                    "uv": [13,13,14,14],
                    "texture": "#all"
                },
                "west": {
                    "texture": "#all"
                },
                "east": {
                    "uv": [2,13,3,14],
                    "texture": "#all"
                },
                "north": {
                    "uv": [13,13,14,14],
                    "texture": "#all"
                }
            }
        },
        {
            "from": [1,2,5],
            "to": [2,4,6],
            "faces": {
                "west": {
                    "texture": "#all"
                },
                "east": {
                    "uv": [10,12,11,14],
                    "texture": "#all"
                },
                "north": {
                    "uv": [5,12,6,14],
                    "texture": "#all"
                }
            }
        },
        {
            "from": [1,2,10],
            "to": [2,4,11],
            "faces": {
                "west": {
                    "texture": "#all"
                },
                "east": {
                    "uv": [5,12,6,14],
                    "texture": "#all"
                },
                "north": {
                    "uv": [10,12,11,14],
                    "texture": "#all"
                }
            }
        },
        {
            "from": [1,3,4],
            "to": [2,4,12],
            "faces": {
                "up": {
                    "uv": [4,12,12,13],
                    "texture": "#all",
                    "rotation": 90
                },
                "down": {
                    "uv": [4,12,12,13],
                    "texture": "#all",
                    "rotation": 90
                },
                "west": {
                    "texture": "#all"
                },
                "east": {
                    "texture": "#all"
                },
                "north": {
                    "uv": [4,12,5,13],
                    "texture": "#all"
                },
                "south": {
                    "uv": [11,12,12,13],
                    "texture": "#all"
                }
            }
        },
        {
            "from": [1,5,2],
            "to": [2,6,4],
            "faces": {
                "up": {
                    "uv": [2,10,4,11],
                    "texture": "#all",
                    "rotation": 90
                },
                "down": {
                    "uv": [2,10,4,11],
                    "texture": "#all",
                    "rotation": 90
                },
                "west": {
                    "texture": "#all"
                },
                "east": {
                    "uv": [12,10,14,11],
                    "texture": "#all"
                }
            }
        },
        {
            "from": [1,5,12],
            "to": [2,6,14],
            "faces": {
                "up": {
                    "uv": [12,10,14,11],
                    "texture": "#all",
                    "rotation": 90
                },
                "down": {
                    "uv": [12,10,14,11],
                    "texture": "#all",
                    "rotation": 90
                },
                "west": {
                    "texture": "#all"
                },
                "east": {
                    "uv": [2,10,4,11],
                    "texture": "#all"
                }
            }
        },
        {
            "from": [1,3,9],
            "to": [2,16,10],
            "faces": {
                "west": {
                    "texture": "#all"
                },
                "east": {
                    "uv": [6,0,7,13],
                    "texture": "#all"
                },
                "north": {
                    "uv": [9,0,10,13],
                    "texture": "#all"
                },
                "south": {
                    "uv": [9,0,10,13],
                    "texture": "#all"
                }
            }
        },
        {
            "from": [1,3,6],
            "to": [2,16,7],
            "faces": {
                "west": {
                    "texture": "#all"
                },
                "east": {
                    "uv": [9,0,10,13],
                    "texture": "#all"
                },
                "north": {
                    "uv": [6,0,7,13],
                    "texture": "#all"
                },
                "south": {
                    "uv": [6,0,7,13],
                    "texture": "#all"
                }
            }
        },
        {
            "from": [1,4,3],
            "to": [2,16,4],
            "faces": {
                "west": {
                    "texture": "#all"
                },
                "east": {
                    "uv": [12,0,13,12],
                    "texture": "#all"
                },
                "north": {
                    "uv": [3,0,4,12],
                    "texture": "#all"
                },
                "south": {
                    "uv": [3,0,4,12],
                    "texture": "#all"
                }
            }
        },
        {
            "from": [1,4,12],
            "to": [2,16,13],
            "faces": {
                "down": {
                    "uv": [12,11,13,12],
                    "texture": "#all"
                },
                "west": {
                    "texture": "#all"
                },
                "east": {
                    "uv": [3,0,4,12],
                    "texture": "#all"
                },
                "north": {
                    "uv": [12,0,13,12],
                    "texture": "#all"
                },
                "south": {
                    "uv": [12,0,13,12],
                    "texture": "#all"
                }
            }
        },
        {
            "from": [1,4,11],
            "to": [2,5,13],
            "faces": {
                "up": {
                    "uv": [11,11,13,12],
                    "texture": "#all",
                    "rotation": 90
                },
                "west": {
                    "texture": "#all"
                },
                "east": {
                    "uv": [3,11,5,12],
                    "texture": "#all"
                },
                "north": {
                    "uv": [11,11,12,12],
                    "texture": "#all"
                }
            }
        },
        {
            "from": [1,4,3],
            "to": [2,5,5],
            "faces": {
                "up": {
                    "uv": [3,11,5,12],
                    "texture": "#all",
                    "rotation": 90
                },
                "down": {
                    "uv": [3,11,5,12],
                    "texture": "#all",
                    "rotation": 90
                },
                "west": {
                    "texture": "#all"
                },
                "east": {
                    "texture": "#all"
                },
                "south": {
                    "uv": [4,11,5,12],
                    "texture": "#all"
                }
            }
        },
        {
            "from": [1,13,2],
            "to": [2,14,14],
            "faces": {
                "up": {
                    "uv": [2,2,14,3],
                    "texture": "#all",
                    "rotation": 90
                },
                "down": {
                    "uv": [2,2,14,3],
                    "texture": "#all",
                    "rotation": 90
                },
                "west": {
                    "texture": "#all"
                },
                "east": {
                    "texture": "#all"
                }
            }
        },
        {
            "from": [1,9,2],
            "to": [2,10,14],
            "faces": {
                "up": {
                    "uv": [2,6,14,7],
                    "texture": "#all",
                    "rotation": 90
                },
                "down": {
                    "uv": [2,6,14,7],
                    "texture": "#all",
                    "rotation": 90
                },
                "west": {
                    "texture": "#all"
                },
                "east": {
                    "texture": "#all"
                }
            }
        }
    ]
}