{
    "__comment": "Fair warning, this format is highly likely to change even more in the future!",
    "textures": {
        "particle": "#wall"
    },
    "elements": [
        {   "from": [ 4, 0, 4 ],
            "to": [ 12, 16, 12 ],
            "faces": {
                "down":  { "uv": [ 4, 4, 12, 12 ], "texture": "#wall", "cullface": "down" },
                "up":    { "uv": [ 4, 4, 12, 12 ], "texture": "#top" },
                "north": { "uv": [ 4, 0, 12, 16 ], "texture": "#wall" },
                "south": { "uv": [ 4, 0, 12, 16 ], "texture": "#wall" },
                "west":  { "uv": [ 4, 0, 12, 16 ], "texture": "#wall" },
                "east":  { "uv": [ 4, 0, 12, 16 ], "texture": "#wall" }
            },
            "__comment": "Center post"
        },
        {   "from": [ 5, 0, 0 ],
            "to": [ 11, 13, 4 ],
            "faces": {
                "down":  { "uv": [ 5, 0, 11,  4 ], "texture": "#wall", "cullface": "down" },
                "up":    { "uv": [ 5, 0, 11,  4 ], "texture": "#top" },
                "north": { "uv": [ 5, 3, 11, 16 ], "texture": "#wall", "cullface": "north" },
                "south": { "uv": [ 5, 3, 11, 16 ], "texture": "#wall", "cullface": "south" },
                "west":  { "uv": [ 0, 3,  4, 16 ], "texture": "#wall" },
                "east":  { "uv": [ 0, 3,  4, 16 ], "texture": "#wall" }
            },
            "__comment": "North wall"
        },
        {   "from": [ 5, 0, 12 ],
            "to": [ 11, 13, 16 ],
            "faces": {
                "down":  { "uv": [  5, 12, 11, 16 ], "texture": "#wall", "cullface": "down" },
                "up":    { "uv": [  5, 12, 11, 16 ], "texture": "#top" },
                "north": { "uv": [  5,  3, 11, 16 ], "texture": "#wall", "cullface": "north" },
                "south": { "uv": [  5,  3, 11, 16 ], "texture": "#wall", "cullface": "south" },
                "west":  { "uv": [ 12,  3, 16, 16 ], "texture": "#wall" },
                "east":  { "uv": [ 12,  3, 16, 16 ], "texture": "#wall" }
            },
            "__comment": "South wall"
        },
        {   "from": [ 12, 0, 5 ],
            "to": [ 16, 13, 11 ],
            "faces": {
                "down":  { "uv": [  5, 12, 11, 16 ], "texture": "#wall", "rotation": 90, "cullface": "down" },
                "up":    { "uv": [  5, 12, 11, 16 ], "texture": "#top", "rotation": 90 },
                "north": { "uv": [ 12,  3, 16, 16 ], "texture": "#wall", "cullface": "north" },
                "south": { "uv": [ 12,  3, 16, 16 ], "texture": "#wall", "cullface": "south" },
                "west":  { "uv": [  5,  3, 11, 16 ], "texture": "#wall" },
                "east":  { "uv": [  5,  3, 11, 16 ], "texture": "#wall" }
            },
            "__comment": "East wall"
        },
        {   "from": [ 0, 0, 5 ],
            "to": [ 4, 13, 11 ],
            "faces": {
                "down":  { "uv": [ 5, 0, 11,  4 ], "texture": "#wall", "rotation": 90, "cullface": "down" },
                "up":    { "uv": [ 5, 0, 11,  4 ], "texture": "#top", "rotation": 90 },
                "north": { "uv": [ 0, 3,  4, 16 ], "texture": "#wall", "cullface": "north" },
                "south": { "uv": [ 0, 3,  4, 16 ], "texture": "#wall", "cullface": "south" },
                "west":  { "uv": [ 5, 3, 11, 16 ], "texture": "#wall" },
                "east":  { "uv": [ 5, 3, 11, 16 ], "texture": "#wall" }
            },
            "__comment": "West wall"
        }
    ]
}
